{
  "Total" : {
    "transaction" : "Total",
    "sampleCount" : 4,
    "errorCount" : 0,
    "errorPct" : 0.0,
    "meanResTime" : 234.75,
    "medianResTime" : 167.5,
    "minResTime" : 147.0,
    "maxResTime" : 457.0,
    "pct1ResTime" : 457.0,
    "pct2ResTime" : 457.0,
    "pct3ResTime" : 457.0,
    "throughput" : 1.4295925661186561,
    "receivedKBytesPerSec" : 4.761701996962116,
    "sentKBytesPerSec" : 0.25129556826304505
  },
  "HTTP Request" : {
    "transaction" : "HTTP Request",
    "sampleCount" : 4,
    "errorCount" : 0,
    "errorPct" : 0.0,
    "meanResTime" : 234.75,
    "medianResTime" : 167.5,
    "minResTime" : 147.0,
    "maxResTime" : 457.0,
    "pct1ResTime" : 457.0,
    "pct2ResTime" : 457.0,
    "pct3ResTime" : 457.0,
    "throughput" : 1.4295925661186561,
    "receivedKBytesPerSec" : 4.761701996962116,
    "sentKBytesPerSec" : 0.25129556826304505
  }
}